text,n
alternate,3
every 19th-century,1
20th Century,700
20th century,492
twentieth century,80
alternate eighteenth century,1
each 14th-century,1
the 19th century,7065
the 15th century,1858
21st century,193
the twentieth century,1007
the beginning of the 6th century,11
the 13th century,1935
the 6th century,598
the 17th century,2995
19th-century,1783
the late 20th century,681
the 20th century,4966
the 1st century BC,183
and 14th century,24
the 16th century,2748
the 18th century,3446
the mid 21st century,5
the middle of the 17th century,86
the first half of the 17th century,56
the 21st century,1596
the early 20th century,2532
the 10th century,732
the end of the 19th century,899
the 12th century,1677
14th century,219
17th-century,660
the beginning of the nineteenth century,35
the early 19th century,1382
the early 9th century,56
and 18th century,101
mid 20th century,33
2nd century AD,38
nineteenth-century,306
the 4th century,567
the 4th century BC,168
the 8th century BC,65
19th century,1034
the 1st century,342
the 20th Century,300
4th century BC,37
the 2nd century,368
the late 19th century,2194
the 2nd century BC,130
the fifteenth century,211
the early 18th century,404
12th-century,246
the second half of the 20th century,272
the 5th century AD,59
The fifth-century,6
the 19th-century,325
sixth-century,27
18th-century,882
the late 12th century,125
early 13th century,25
the late seventeenth century,43
the early twentieth century,454
the late 15th century,217
the end of the 18th century,366
The 19th century,110
the early 17th century,397
early 19th-century,152
15th-century,351
the beginning of the 21st century,125
the 11th-century,80
the middle of the 2nd century BC,5
beginning in the 5th century,3
9th-century,96
the 9th century,686
the fifth century BC,33
the early 13th century,155
the late 2nd century,36
earlier 3rd century,1
the first quarter of the 13th century,1
the end of the 16th century,169
the beginning of the 20th century,652
the early fourth century,7
the nineteenth century,1158
the early nineteenth century,180
18th century,455
the early first half of the thirteenth century,1
the middle of the eighteenth century,16
the 4th-century BC,5
and 20th century,106
late 19th century,156
the end of 19th century,27
the 14th century,1666
the sixteenth century,367
the late 13th century,149
the first half of the 20th century,438
the first half of the 16th century,45
the 8th-century,28
the end of the 3rd century,32
the middle of the 20th century,180
the tenth century AD,6
the end of the 17th century,186
tenth-century,39
3rd century,87
the middle twentieth century,2
The Twentieth Century,10
the beginning of the 19th century,244
Twentieth Century Fox,24
the 7th century BC,84
2nd century BC,37
early 20th century,631
the early 20th Century,70
the 14th-century,152
the seventeenth century,355
the third quarter of the thirteenth century,1
16th-century,479
the sixth century,142
late in the nineteenth century,5
early in the 20th century,79
the second half of the 14th century,42
the tenth century,126
13th century BC,12
the start of the 20th century,202
twelfth century,14
the 4th century b.c.,1
the eleventh century,111
the late 18th century,795
twentieth-century,170
7th-century BC,4
ninth century,10
the 7th century,552
the 15th-century,80
the 13th Century,35
20th-century,742
the start of the 14th century,8
the twelfth century,179
the second century,103
The eighteenth century,12
11th century,133
the tenth-century,29
and 5th century BC,1
the second half of the 19th century,301
the late 11th century,64
Early in the 20th century,39
the seventh century BC,16
21st Century Fox,23
the first half of the 11th century,12
early 19th century,274
20th-Century,17
the 3rd century,405
1st century,83
4th century AD,26
the first half of the nineteenth century,44
the end of the 20th century,234
eighteenth century,72
the beginning of the 17th century,86
the late 21st century,4
the 11th century,995
the mid 19th century,192
the 14th Century,27
2nd-century,66
the 5th century BC,147
late fifteenth-century,1
15th century,232
the early 15th century,167
13th-century,282
the 13th-century,98
the late 14th century,138
late 13th-century,18
the 5th century,520
the second quarter of the 9th century,4
early twentieth century,92
seventeenth century,57
the eighteenth century,498
17th century,340
late in the 19th century,29
the 18th-century,199
the 13th century BC,16
the late 5th century,24
The 4th-century,7
the beginning of the 16th century,73
the late nineteenth century,368
the early 8th-century,1
seventeenth-century,117
later 17th century,12
the dawn of the 20th century,8
the end of the 10th century,38
the end of the 6th century,30
the middle of the fifteenth century,15
13th century,251
the eighth century,120
late 19th-century,95
about the sixth century BC,2
the start of the 16th century,13
the 9th century AD,31
the late 4th century,54
the late fifteenth century,21
the sixteenth-century,28
early the 7th century,1
the middle of the 19th century,276
early 20th-century,170
early in the 19th Century,1
and 15th century,22
and 19th century,128
the early 5th century,65
the late 16th century,280
eleventh-century,23
the early 1st century,12
and 3rd century,9
the first half of the 19th century,189
14th-century,294
the first half of the twentieth century,131
the 17th-century,197
the fourth century,159
early 4th century,7
early third century,1
Eighteenth-century,17
the early 8th century,45
the seventh century,141
6th century,147
The 17th century,54
the end of the 14th century,94
early 15th century,46
the late 8th century,51
Early in the twentieth century,4
the early eighteenth-century,2
The 20th century,76
the middle of the sixth century,6
Nineteenth-century,33
the,62
The Nineteenth Century,7
16th century,335
the end of the first century AD,5
the fourteenth century,166
the end of the eighteenth century,44
the 7th-century,33
10th-century,108
the 1st century AD,195
the latter half of the 19th century,83
and 8th century,12
the late 8th century AD,1
the first half of the 18th century,67
the early 14th century,146
the 2nd century B.C.,4
the middle of the 18th century,95
the beginning the 20th century,1
the 5th century B.C.,5
the eighth-century,14
early 16th century,51
eighteenth-century,154
the early 10th century,40
the 8th century,473
beginning of the 14th century,3
the early 4th century AD,4
the beginning of 20th century,17
the 21st Century,230
19th Century,64
10th century,115
the second half of the 16th century,72
the late twentieth century,91
the early 16th century,310
early 14th century,41
the early 2nd century AD,8
7th-century,87
the seventh century AD,6
21st-century,179
the end of twentieth century,1
the 17th Century,56
eighth century,16
the late 17th century,329
the 1st Century,3
the end of the sixteenth century,24
the first quarter of the 19th century,16
earlier twentieth century,2
the early 5th century BC,7
the early second century BC,3
middle 19th century,2
the late eighteenth century,111
the second half of the twentieth century,75
The 18th-century,42
the Twentieth Century,77
the middle of the 3rd century,14
11th-century,139
the beginning of the fourth century,5
the first century BC,63
the late 4th-century,2
the 3rd century AD,64
the beginning of the 14th century,44
the second-century AD,3
the first century,180
the beginning of the fourteenth century,9
the first half of the 15th century,28
the 12th-century,98
early 18th century,62
the end of the 11th century,38
late 15th century,10
beginning of the 20th century,19
late 9th century,3
20th Century Fox Records,8
The 18th century,60
the early thirteenth century,16
the 6th century A.D.,4
the latter half of the 20th century,106
the second half of the 18th century,111
the late eleventh century,11
the 16th-century,174
the end of the twelfth century,18
sixteenth-century,90
late 20th-century,25
the mid 20th century,145
late 4th century,7
early 9th century,13
the beginning of the seventeenth century,13
nineteenth century,211
the end of the tenth century,8
The early 19th century,11
twelfth-century,67
the 20th-century,103
about the 8th century,7
century A.D.,1
early twentieth-century,35
middle 20th Century,1
Twentieth Century,105
the fifteenth-century,15
Early in the 11th century,3
early 11th century,12
the 2nd century AD,120
The late 12th century,3
the 26th century,5
the 19th Century,154
7th century,112
second century,32
and 13th century,32
and ninth century,1
4th century,110
eighth-century,27
the 4th century AD,62
the 11th Century AD,2
the first quarter of the 20th century,26
the beginning of the eighteenth century,7
later 20th century,58
the 2nd-century,58
the late eighth century,14
the beginning of the tenth century,3
the late 18th-century,10
the mid 7th century AD,4
Beginning in the nineteenth century,2
the end of the nineteenth century,155
the second half of the 17th century,61
the end of 18th century,11
Huszadik Sz√°zad -LRB-Twentieth Century,1
late 18th century,62
the first half of the 20th Century,16
the 25th Century,20
middle of the 20th century,4
the third century,107
the late eighth century BC,1
The 9th-century,8
the end of the 15th century,128
Late 19th century,4
the late sixteenth century,32
the Sixteenth Century,16
the beginning of the 18th century,100
fourth-century,19
19th-Century,10
the sixth century AD,17
The 11th century,21
late 12th-century,9
late 17th century,29
the beginning of the twentieth century,96
The Nineteenth-Century,1
the early 1st century BC,9
the 6th century BC,121
the 14th century BC,18
the ninth century,136
the late 22nd century,4
middle of the 17th century,3
the late 19th-century,32
the end of the 5th century,29
early nineteenth century,36
The 21st Century,17
the early 21st century,387
the start of the 18th century,18
the early 3rd century,28
and 19th Century,1
the early 12th century,105
Late 9th-century,1
The 15th century,26
the late 2nd century AD,7
beginning in the 17th century,10
the early eighteenth century,64
later 18th-century,4
the fifth century AD,10
2nd-century BC,4
the first half of the fifth century,2
the 16th century AD,6
5th century,120
the early twelfth century,12
the early seventeenth century,44
mid 19th century,15
the second half of the nineteenth century,56
early 11th-century,3
the early 11th century,76
3rd century BC,42
"the first half of the eleventh century, may",1
15th Century,4
the end of the 12th century,107
The twentieth century,12
the second half of the 10th century,18
late in the 2nd century BC,1
earlier 1st-century,1
and eighteenth century,12
the Nineteenth Century,56
the late fourth century,15
the end of the 8th century,32
the 3rd century BC,155
early 17th-century,30
early in the 19th century,42
The 16th-century,39
the mid 18th century,69
2nd century,100
the second half of the eighteenth century,27
the eighteenth century BC,2
the middle of the 15th century,31
Beginning in the 7th century,3
the latter half of the nineteenth century,17
National Register of 19th Century Theaters,1
the late 7th century,42
the middle of the thirteenth century,9
the 21st-century,23
the end of the 13th century,96
Early in the 2nd century,1
the early 7th century,42
the middle of the 9th century,19
8th century BC,27
and 11th century,16
the beginning of the 15th century,47
early 17th century,61
about 5th century,1
the 10th century BC,15
beginning in the 13th century,6
beginning in the fourteenth century,4
the third century AD,21
later fifteenth century,6
the early 3rd century AD,6
1st century BC,47
the mid 13th century,10
Early in the 19th century,17
the beginning of the 3rd century,21
the middle of the twentieth century,32
the twelfth-century,38
The second century,3
6th century AD,16
5th-century,78
the latter half of the 4th century,1
and second century,1
the fifth century B.C.,3
9th century,89
the end of fifteenth century,1
the second century AD,31
tenth century,14
fourth century,24
the fourth century A.D.,4
12th century,229
1st-century,55
4th-century,62
and 16th century,34
the Third Century,29
the Sixteenth century,3
the 4th-century,44
the 1st-century,22
the first-century,8
and 10th century,11
the latter half of the 17th century,15
Beginning in the 19th century,11
The,6
Beginning in the 8th century,5
the fourth century BC,30
the start of the 21st century,49
the end of 17th century,13
the second century BC,28
8th century,102
the latter half of the 15th century,5
the 16th Century,50
the 12th Century,28
the end of the 1st century,22
beginning in the 19th century,13
Twentieth-Century,25
the end of 20th century,1
the first half of the 9th century,7
the late 19th Century,42
the second half of the 7th century BC,1
the third century BC,31
early eighteenth century,9
early 16th century BC,1
the end of the 2nd century,31
the 9th-century,45
21st Century,150
3rd-century,36
about 20th century,3
early in the 18th century,18
and 21st century,59
the latter half of the twentieth century,28
late in the 14th century,1
the start of the 12th century,5
later 19th century,64
The early 20th-century,2
the late 9th century,55
Eighteenth century,6
and Sixteenth century,1
the eighteenth-century,36
the late sixth century,6
mid 18th century,8
the thirteenth century,221
the fourth-century,15
the middle of the 14th century,41
the fourteenth-century,22
21st Century Entertainment,4
fourteenth-century,54
The 4th century BC,2
The 12th-century,22
The beginning of the 18th century,1
later 18th century,30
beginning in the 16th century,6
the middle of the 12th century,20
nearly the 18th century,1
The 20th-century,20
the late twentieth-century,3
the first half of the 13th century,24
beginning of 6th century,1
early 12th century,20
the nineteenth-century,46
the sixth century BC,34
first century,69
the eleventh-century,22
the early 1st century AD,6
the early 6th century,38
early in the twentieth century,11
7th century BC,16
and twentieth century,15
the 8th century AD,20
Nineteenth Century,21
the middle of the 13th century,54
the end of the 19th Century,18
the first century AD,56
the 5th-century BC,6
The first century,5
early 21st century,72
the fifth century,125
the 14th Century A.D.,1
early in the 13th century,9
the 6th-century,39
the fifth-century BC,2
fifteenth century,21
the late 2nd century BC,9
the start of eleventh century,1
the 13th century AD,10
about 17th century,2
the mid nineteenth century,29
1st century AD,21
the early 17th-century,5
and 20th Century,6
the mid 16th century,36
the start of the 19th century,49
3rd century AD,19
thirteenth century,22
late 16th century,30
about the 19th century BC,1
the 5th-century,35
The nineteenth century,21
the late 4th century AD,5
the first half of the 12th century,18
later 19th-century,4
the second half of the 11th century,13
the 8th century A.D.,2
about the fifteenth century,1
the early 21st-century,1
6th-century,109
early 4th century BC,1
the 12th century AD,19
the 15th century BC,19
and nineteenth century,14
the beginning of the second century,7
later nineteenth century,20
the early 20th-century,31
early 3rd century,11
20th Century Fox,41
the eighth century AD,6
the first quarter of the 15th century,5
the first half of the seventh century,2
the second half of nineteenth century,1
the ninth-century,12
the early 19th Century,22
early 20th Century,16
the first half of the fourth century,2
Fifteenth-century,4
the mid 16th-century,1
20th Century Records,4
the Fourth Century,2
the early 10th century AD,1
the late 6th century,45
third-century,15
The 16th century,34
the end of ninth century,1
The late 20th century,13
the 15th Century,33
the 18th Century,70
the end of the twentieth century,42
The mid 18th century,1
the middle of the 26th century BC,1
the middle of the eleventh century BC,1
the first half of the 8th century BC,2
the 11th century BC,16
The 17th-century,25
second half of the 16th century,1
the mid 17th century,47
The 19th-century,66
early in the nineteenth century,6
the early fifth century,15
late 20th century,55
the third quarter of the 20th century,3
the last half of the 18th century,1
the 11th Century,13
late 7th century,12
the mid 12th century,12
the 32nd century,3
the end of the seventeenth century,34
the early second century AD,4
late 13th century,12
late eighteenth century,7
the third quarter of the 20th Century,2
late third-century,1
late second century,4
Late in the 19th century,12
second half of the 17th century,2
First century,3
the end of the fourth century BC,1
late 17th-century,23
the sixth-century,10
the twentieth-century,23
6th century BC,40
the second half of the 1st century,6
late 12th century,15
the beginning of the 8th century,13
the 7th century AD,42
the middle of the 8th century,12
The 8th-century,5
The 13th-century,22
the 31st century BC,1
the late 16th-century,6
fourth century AD,6
the beginning of the 13th century,47
12th Century,11
late 15th-century,10
the end of the fourth century,15
later 12th century,5
the early 17th Century,6
the end of the 9th century,32
and 6th century AD,1
later 4th century,9
early nineteenth-century,8
the end of the 20th Century,7
about the 5th century,6
The second half of the sixth century,3
the 4th Century,6
"14th century, 1 January",1
the late 12th Century,5
the beginning of the 10th century,21
4th century B.C.,1
20th Century Fox Home Entertainment,5
fifteenth-century,55
the 6th century B.C.,4
early 16th-century,22
the third quarter of the 19th century,3
5th Century,6
early 13th century AD,2
the middle of the nineteenth century,46
The 3rd century,5
The late 6th-century,2
middle of the 7th century,1
the middle 17th century,4
early 7th-century,3
the middle of the sixteenth century,13
the second half of the 15th century,30
About the middle of the eighteenth century,1
the middle of the 16th century,50
the beginning of 18th Century,1
beginning of 20th century,4
the end of the second quarter of the fifteenth century,1
the second half of the 8th century,4
mid twentieth century,7
5th century B.C.,1
the 32nd century BC,1
the latter half of the 16th century,8
the mid 9th century,11
the 5th Century,5
about 19th century,2
the late 10th century,52
the late first century,9
the early thirteenth-century,3
ninth-century,34
21st Century Community Learning Challenge Grant,2
the end of the 4th century,46
fourteenth century,28
first-century,32
16th Century,13
The tenth-century,5
the thirteenth-century,23
the seventeenth-century,28
later 13th century,4
the twelfth century AD,7
the end of the 7th Century,1
the late fourteenth century,12
early in the eighteenth century,4
the first half of the thirteenth century,7
Late in the nineteenth century,4
the second half of the 13th century,45
the beginning of 19th century,5
the end of the fifteenth century,21
third century,25
the 6th century AD,40
21st Century Museum of Contemporary Art,5
the early 12th century before,1
The early twentieth century,4
the mid 14th-century,2
the early 19th-century,32
"the end of the 20th century, the year 2000",1
the 5th Century BC,4
The 14th-century,19
the early 20th century hence,2
The eleventh-century,2
The end of the 19th century,17
the first half of the eighth century,6
the 10th Century,8
the second quarter of the 14th century,4
the middle of the second century,3
the second half of the 7th century,5
the last half of the 20th century,17
beginning of the 5th century,2
end of third century,2
the fourth century AD,20
The fourteenth century,4
the 3rd-century,15
1st-century BC,5
the late 1st century,22
sixth century,23
early seventeenth-century,4
Center for 21st Century Communities,1
The middle of the 18th century,2
the middle of the seventeenth century,10
the 12th century A.D.,3
the mid of the 19th century,3
the end of the 21st century,23
about eighteenth-century,2
the start of the twentieth century,16
8th Century A.D.,1
The dawn of the 21st century,1
the beginning the 4th century,1
about the middle of the sixteenth century,1
the 84th century,1
The 13th century,27
late in the 18th century,9
later seventeenth century,2
the 25th century BC,7
the 31st century,17
the middle of the 25th century BC,1
the late 20th Century,7
early 8th century,12
The late nineteenth century,11
later 16th century,15
five hundred years from the 7th century,1
early 21st-century,6
the end of the first century,17
the beginning of the seventh century,2
about the 10th century,7
the second half of the 12th century,32
the 30th century,24
Beginning in the 8th century BC,2
early in the 15th century,6
the beginning of 18th century,4
and seventeenth century,8
and 17th century,77
the dawn of the 19th century,2
sixteenth century,30
early 14th-century,12
the middle of the 1st century,6
early 18th-century,32
the mid 3rd century,4
late 18th-century,36
the seventh century A.D.,4
the early Nineteenth Century,2
17th-Century,2
the early fifteenth-century,2
The 6th century,6
11th century BC,3
the End of the Twentieth Century,2
late 11th century,5
the middle of the 10th century,9
2nd century A.D.,3
the mid 1st century AD,1
the late 16th Century,3
8th-century,55
the end of the 3rd century BC,6
first century BC,4
fifth-century,29
the early 15th-century,6
The 20th Century,10
fifth century,16
The second half of the 19th century,14
thirteenth-century,53
the end of the 5th century BC,10
late in the 16th century,4
The early 20th century,28
the Twentieth-Century,4
the 9th century BC,29
the beginning of the 12th century,26
the latter half of the 18th century,21
Seventeenth-century,10
fourth century BC,5
About the 4th century,1
the mid 13th Century,1
12th century A.D.,1
eleventh century,16
the middle of the 7th century,14
the 8th Century,8
25th century,1
the early 4th century,31
the end of the 17th century BC,1
the Twentieth century,5
the 26th century BC,4
Twentieth century,10
early fourteenth century,2
early 10th century,7
the middle of the 7th century BC,3
the first century B.C.,4
the tenth century BC,4
the mid 2nd century,4
the Eighteenth Century,24
the mid 14th century,20
the 17th century AD,5
second half of the nineteenth century,1
about the ninth century,2
the early sixteenth century,34
the late 17th Century,5
14th century AD,2
the beginning of 16th century,2
the start of the seventeenth century,4
the end of eighteenth century AD,1
beginning in the 15th century,6
seventh-century,23
third century AD,4
the late 18th Century,12
the Nineteenth-Century,4
the 19th century AD,4
the beginning of the 2nd century BC,8
about 14th century,2
The late 19th century,20
the end of the seventh century,6
The 15th-century,19
10th Century,6
Twentieth Century Pictures,9
the 24th century,26
the late fifth century,9
Eighteenth Century,4
the second quarter of the 19th century,12
the Late Twentieth Century,5
and seventh century,1
the latter half of the eighteenth century,4
the early fifteenth century,19
the third-century,8
the beginning of the third century,3
the ninth century AD,5
the latter half of the seventh century,1
Late 19th-century,3
the early 18th Century,3
and 12th century,15
the end of the 8th century BC,3
the End of the Eighteenth Century,1
the late fifth century BC,3
6th Century,7
and 5th century,11
early 4th-century,2
the middle of 10th century,1
the second half of the Twentieth Century,1
21st-Century,5
10th century AD,6
the end of the third century,6
end of the 19th century,9
the beginning of the fifteenth century,5
the late 3rd century,29
The 9th century,9
the end of the thirteenth century,13
the middle 18th century,2
31st-century,2
the second half of 20th century,2
early in the 2nd century BC,2
early 2nd century,8
"6th century AD, 1009, 1718, 1791, 1833, 1858",1
the 10th-century,55
The early 18th century,6
the early 16th Century,4
the middle of the 4th century,12
late twentieth century,13
The third-century,3
The Eighteenth Century,3
Beginning in the 18th Century,1
the late 15th century AD,2
the late ninth century,15
16th century BC,2
the middle of the 4th century BC,8
the first half of the 14th century,23
The end of the 20th century,3
the thirteenth century AD,2
the thirteenth century BC,2
Seventeenth century,4
the start of the nineteenth century,8
about the end of the 16th century,1
the start of the 17th century,13
beginning of the 19th century,8
second half of the 18th century,2
later twentieth century,8
and 13th century BC,1
Beginning in the 17th century,3
7th century AD,13
the end of the sixth century,9
the Eighteenth century,5
The ninth-century,7
the early tenth century,8
the first half of the sixteenth century,7
the 7th century B.C.,2
the mid eighteenth century,6
the second half of the 3rd century,6
Late Twentieth Century,1
the 17th century BC,15
the Seventeenth Century,10
The 14th century,27
the beginning of the thirteenth century,11
the second half of the ninth century,3
the 11th century AD,17
the early 21st Century,7
3rd-century BC,5
late in the 13th century,2
Beginning in the 6th century,2
early 3rd century BC,1
the first half of the fifteenth century,2
the late 17th-century,4
the 20th-Century,2
and 6th century,10
the middle of the 11th century,18
the second half of the 20th Century,7
the beginning of the 2nd century AD,1
the end 15th century,1
The second half of the 17th century,1
3rd Century,2
the last half of the fourth century,1
early third century AD,1
the mid twentieth century,19
later seventh-century,2
20th Century Fox Television,15
The early 18th-century,2
the early 20th Century before,1
the beginning of the 1st century BC,4
Sony Pictures and Twentieth Century Fox,1
The Fifth-century,1
second half of the twentieth century,2
the beginning of the 5th century BC,4
the second quarter of the 12th century,4
13th Century,12
5th century BC,34
about the 2nd century BC,2
the end of the 14th Century,3
and 7th century AD,4
second century AD,5
later 9th century,9
the 18th century BC,12
The 2nd-century,13
the early seventh century,7
beginning of the Twentieth century,1
the second half of the 4th century,8
late 10th-century,2
the end of the 18th Century,12
the second half of the 19th Century,3
the Tenth Century,1
the beginning of the 11th century,16
The seventeenth century,7
early fourth century,3
the first half of the sixth century,2
the beginning of the 20th Century,3
the late seventh century,12
the middle of the fourth century,6
the late 6th century BC,12
the mid 19th Century,11
the 10th century AD,28
beginning in the twentieth century,2
Nineteenth-Century,14
early sixth-century BC,1
end in the middle of the 13th century,1
the end of the fifth century,5
the third century B.C,1
Early in the 12th century,9
20th Century Fox Film Corporation,2
the end of the 5th century AD,1
the mid 6th century,7
the early eighth century,12
the end of the ninth century,14
The first half of the twentieth century,3
about the 4th century,7
The early 17th century,5
second half of the 13th century,1
the mid fourteenth century,2
Late Eighteenth-Century,1
3rd-century AD,3
Early 19th century,2
the end of the 2nd century BC,7
Cardiff Councils 21st Century Schools Programme,1
Early in the 18th century,5
the mid 5th century,2
the beginning of the 3rd century AD,2
about the middle of the 20th-century,1
the mid seventeenth century,6
seventh century AD,2
the early eleventh century,8
early 10th-century,2
the early 2nd century,24
about sixteenth century,1
start of the 20th century,2
the middle of the fifth century AD,1
The thirteenth century,5
the early first century,6
late nineteenth century,21
the second quarter of the 13th century,3
8th Century,4
the middle of the 1st century AD,3
19th Century Hydrographic Office,1
The 12th century,22
The thirteenth-century,12
mid 14th century,4
The 3rd-century,4
The late 18th century,4
the end of the eighth century,9
late nineteenth-century,16
more than 400 years from the 15th century,2
The start of the 19th century,1
the early 2nd century BC,4
the late thirteenth century,11
the beginning of the 9th century,12
late in the 17th century,3
in the early 20th century,1
the mid 20th-century,3
the beginning of the 1st century,6
the Nineteenth century,5
the end of the sixth century BC,2
Nineteenth century,17
Early 18th century,3
about the middle of the 13th century,2
the second-century,7
early 15th-century,12
about the 7th century,7
About the 18th century,1
the second quarter of the 16th century,2
the late 4th century BC,7
Woodland Progressive School For 21st Century Citizens,1
about the fourth century,2
The 10th century,12
the late 5th century BC,13
21st Century International Ballet Gala,1
late Thirteenth Century,2
the 9th Century,6
Later sixteenth-century,1
the 21st century New Year's,1
fall in the 7th century,1
The beginning of the 15th century,1
the end of 1st-century,1
4th-century A.D.,1
The 21st-century,2
the late third century,8
fourth century B.C,1
The early eighteenth century,1
beginning of the thirteenth century,1
the 20th century BC,7
the late second century,3
the end of 2nd century,1
early tenth-century,1
The twelfth-century,4
the Thirteenth Century,8
later ninth century,3
and 2nd century BC,2
the start of the 7th century,2
26th century BC,2
22nd Century,8
the last half of the 16th century,4
first half of the 17th century,3
Early in the 17th century,3
the early 18th-century before,1
19th- century,1
12th century AD,5
the middle of the third century AD,2
beginning in the middle of the 18th century,2
end of the 18th century,3
The early twentieth-century,1
14th,1
second-century,12
the late 8th century BC,7
the end of the 19th-century,7
The third-century AD,1
the 23rd century,20
beginning in the third century,1
early in the 2nd century,3
the mid 20th Century,4
the second quarter of the 3rd century,1
the start of the 11th century,5
The first half of the 20th century,7
12th century BC late,1
the beginning of the 5th century AD,1
the fifth century A.D.,2
mid 17th century,9
beginning in the 3rd century BC,1
mid 5th century BC,1
the late 20th-century,6
Late in the 20th century,7
late 3rd century,7
11th century AD,4
the 1st century A.D.,3
the early 12th-century,5
the start of the 13th century,6
Twentieth-century,23
31st century BC,1
the first half of the 1st century AD,3
the last half of 16th century,1
the last half of the twentieth century,7
late 16th-century,13
The beginning of the 21st century,1
early 6th century,11
about early 20th century,1
the early 15th Century,2
the end of 15th century,5
about the twelfth century,1
and fifteenth century,5
about the middle of the twelfth century,1
the first half of 19th century,6
the early sixteenth-century,3
the 22nd century,20
the late 9th-century,7
the middle of the 6th century AD,1
14th Century,9
early in the 14th century,6
the 67th century,1
about the beginning of the 16th century,1
middle seventeenth century,2
end in the first half of the fifteenth century,1
The 21st century,24
the early fifth century BC,4
the middle 3rd century,1
the latter half of the second century,1
and 1st century BC,3
the second half of the 5th century,11
the end of the 7th century,25
the second half of the fourteenth century,2
the end of the 4th century before,1
The second half of the 20th century,7
the end of the 6th century BC,4
the second half of the 2nd century,6
eighth century A.D.,1
The middle 19th century,2
the early nineteenth-century,8
5th-century BC,7
late 19th Century,8
Seventeenth Century,6
first half of 20th century,1
the late 6th Century A.D.,1
the second quarter of the fifteenth century,2
nearly the fifth century,1
the last half of the 19th century,13
earlier 19th-century,5
early fifth century,7
the first half of the first century AD,1
early in the fourth century,4
and 1st century,3
18th Century,30
The eighth century,1
earlier 19th century,4
4th century A.D.,4
beginning in the 7th century,1
the beginning of the 15th Century,1
the eighth century BC,13
the start of the 10th century,1
mid 4th century,1
the 3rd Century B.C,1
the first half of the eighteenth century,10
4th Century,5
late 18th Century,2
"the 5th century, may",1
the dawn of the twentieth century,4
Eighteenth-Century,7
about the 14th century,4
the middle of the 2nd century AD,2
late 14th-century,10
the first quarter of the 7th century,2
the late 1st century AD,7
the middle of the 15th Century,1
The 17th Century,1
first half of the 9th century,1
the mid 15th century,15
Beginning in the sixth century,1
the first half of the seventeenth century,6
and 2nd century AD,7
about the 1st century,3
end of the 18th Century,1
17th Century,14
about the 2nd century,2
the 11th century A.D.,2
late fourth-century,2
20th Century Fox Television and Flower Films,1
mid 2nd century,1
later 7th century,4
the 24th century BC,7
24th-century,2
the second half of the seventh century,3
the middle of the first century,5
The 7th-century,9
Cyberinfrastructure Framework for 21st Century Science and Engineering,1
the middle of the fourteenth century,4
The late 13th-century,4
the beginning of the 8th century AD,1
Early in the 14th century,4
the middle of the 2nd century,17
the beginning of the 3rd century BC,6
Society and 21st Century Fox,1
late third century AD,1
the first half of the ninth century,4
The first half of the 19th century,6
the end of 21st century,1
and second century AD,3
the end of the 7th century BC,4
the late twelfth-century,1
end of the tenth century,2
The fifteenth-century,2
and eighth century AD,2
first half of the eighteenth century,2
Early 20th-century,10
1st-century AD,2
the second half of the 9th century,8
the beginning of the 4th century,9
the beginning of the twelfth century,3
The first half of the 4th century AD,1
late twentieth-century,8
The sixteenth-century,3
About the 16th century,1
21st Century Broadcasting,1
third quarter of the 1st century,1
the middle of the sixth century BC,1
the 27th century,3
the latter half of the 14th century,4
early sixteenth-century,4
the 22nd century BC,3
about the 5th century BC,2
the early 12th century A.D,1
AD Judaism,1
end of the 12th century,1
early in the 8th century,1
beginning of the 15th century,3
the fifth-century,10
The late 14th century,2
the 6th Century,6
the 19th century in April 1842,1
the middle of the twelfth century,4
the late 11th century BC,3
Fifth century,1
the early 18th-century,5
the second century A.D.,3
early 19th Century,7
The 5th-century,6
the seventh-century,13
earlier 12th-century,1
the start of the early 19th century,1
21st Century Film Corporation,3
the beginning of the 20th-century,2
the end of the eleventh century,5
the late 6th century AD,2
the early seventh-century,2
30th century,3
seventh century,17
late in the 4th century BC,1
18th Century `Graveyard School,1
second-century AD,1
the end 20th century,1
5th century AD,13
The twentieth-century,4
beginning in the 6th century BC,4
The first-century,2
the Late Fourteenth Century,1
end of the 16th century,5
the beginning of the 12th Century,1
the 16th century before,2
the end of the sixth century A.D.,1
about the middle of the 1st century,4
the late 11th Century,2
Later 19th century,1
the second half of the first century,3
late 14th century,16
eighth century BC,2
later 10th century,5
early in the fourteenth century,1
early in the 7th century,5
51st century,1
late 2nd century,9
the 8th Century AD,2
the dawn of the 21st century,7
The fifteenth century,2
earlier 17th-century,2
James Martin 21st Century School,2
The nineteenth-century,9
Beginning in the eighth century,1
9th century AD,3
beginning in the 2nd century,2
the first half of the 7th century,7
The second half of the 18th century,2
later 2nd century,3
the beginning of the 13th Century,3
the second half of the third century BC,1
the Thirteenth century,1
The seventeenth-century,5
The early 3rd-century,1
beginning of the 4th century,2
middle 17th century,1
Fifteenth-Century,2
the late fifteenth-century,3
The first century AD,2
end the 19th Century,1
the 2nd quarter of the 17th century,1
the first half of the 5th century,7
the seventh century B.C.,2
the 5th century fall,1
later sixteenth century,2
the early second century,6
the first half of the 18th Century,2
the 16th century A.D.,1
the 22nd Century,4
the end of the 1st-century BC,1
12th century BC,3
the middle of seventeenth century,1
early Twelfth Century,1
the middle of the third century,9
the early 14th-century,5
the beginning of 18th century BC,1
"early in the seventeenth century, may",1
the 19th century before,4
the end of the 4th century BC,10
The 6th-century,13
fifteenth- century,3
the late 6th Century,1
the middle of the eighth century,2
last half of the 6th century,1
the beginning of the 16th century BC,1
about the 3rd century AD,2
The 2nd century,3
late 8th century,5
and sixteenth century,3
the end of the 15th century AD,1
the 4th Century AD,2
The 5th century BC,2
the late tenth century,5
the Fifth Century,1
the 14th century AD,10
Early 19th Century,1
Association of Historians of Nineteenth-Century Art,1
the second half of 20th century AD,1
the late first century BC,2
early in the 2nd century AD,2
early in the 11th century,3
21st Century Library Program,1
the 25th-century BC,1
the early twentieth-century,9
the late twelfth century,14
the fourth quarter of the 19th century,1
15th century BC,4
Early in the 13th century,3
the mid 11th century,1
about the middle of the 18th century,2
earlier 8th century,1
early in the 21st century,10
first quarter of the 14th century,1
the dawn of 19th century,1
The early 16th century,1
the second half of the 4th century BC,3
the late sixth century BC,4
fourth-century BC,1
about the 18th century,4
the mid ninth century,4
the early third century,12
the late 13th-century,3
1st Century,4
about 15th century BC,1
the end of the second century BC,3
early sixth century AD,1
later 3rd century,7
the mid of 19th century,2
the second half of the sixteenth century,13
early in the 17th century,15
beginning in the thirteenth century,1
the Late 20th Century,1
beginning in the eighth century BC,1
the middle of the 6th century,13
Early in the 21st Century,2
the fourth-century BC,1
the start of the 15th century,7
The early thirteenth century,1
the middle of nineteenth century,1
Beginning in the 14th century,6
the end of the 1st century BC,7
20th Century Fox International,1
the latter half of the 13th century,4
the fourth quarter of the 4th century,1
Beginning in the 16th century,9
fall in the 15th century,1
Early twentieth-century,4
the 6th Century A.D.,1
29th-Century,1
early 7th century,13
the end of the 1st century AD,11
late 6th century,6
later fourth century,1
beginning in the 15th Century,1
middle of the 19th century,2
beginning in the 6th century,1
the 3rd century A.D.,4
the 3rd quarter of the 16th century,1
the late 3rd-century AD,1
beginning in the mid 19th century,1
about the 1st century BC,3
"the late 15th century, 1504",2
the late 9th century AD,2
the early 4th century BC,8
the early first century AD,5
late in the 10th century,1
the 30th Century,2
late 5th century,9
the early 8th century BC,2
the early sixth-century,1
"the end of the seventeenth century, nearly two hundred years later",1
the beginning of the sixth century BC,1
the beginning of the 7th century,16
the beginning of the first century BC,3
The first half of the sixteenth century,1
second half of 16th century,1
the middle of the fifth century,7
the second half of the thirteenth century,6
and 3rd century BC,2
the mid 8th century,6
the beginning of the 2nd century,4
The fourth century,4
the 7th Century,15
the 15th century AD,5
the first quarter of the eighth century,1
21st Century Learning,1
the last half of the ninth century,2
earlier 16th-century,1
the middle of the 3rd century BC,5
about the first half of the 1st century AD,1
early in the seventeenth century,3
mid 15th Century,1
The 5th century,5
early 2nd-century,1
The late 18th-century,2
earlier 17th century,1
the end of the first half of the 20th century,2
Eighth-century,1
the third quarter of the nineteenth century,3
early 9th-century,3
about the nineteenth century,3
eighteenth- century,2
the early 11th-century,5
late fifth century AD,2
Twentieth Century Fox Studios,1
the third quarter of the 12th century,2
the 1st-century BC,2
The fourth-century,4
early sixteenth century,4
and 9th century,7
the 30th century BC,2
the 29th century,9
The 8th century,10
later nineteenth-century,3
the second half of 19th century,3
late 19th-century summer,1
early 5th century,6
the beginning of the sixteenth century,8
early eighteenth-century,3
middle 20th century,2
Late 20th-century,4
the second half of 15th century,2
the second half of the 22nd century,1
the late 13th century before,1
the beginning of the 18th-century,2
early in the 16th century,16
Nebraska 21st Century Community Learning Centers Grant Program,1
the late seventh century BC,2
Norfolk Southern's 21st Century Steam Program,1
fifth century BC,6
15th-century BC,1
the beginning of the 5th century,12
The start of the 20th century,2
1st century B.C.,3
the late fourth century B.C.,1
the late 11th century AD,1
the middle of the tenth century,2
the late Nineteenth century,1
27th-century,1
the second half of the eleventh century,4
late seventeenth century,3
the second quarter of the 17th century,2
The early 21st-century,1
mid sixteenth century,2
late seventh-century,1
the late 12th century AD,1
the 7th century A.D,1
the 6th-century BC,5
21st Century Programme,1
beginning in the 3rd century,2
late 2nd -century,1
6th century B.C.,1
the early ninth century,6
the Sixteenth-Century,1
the beginning of the 10th century BC,1
the 2nd Century,4
Beginning in the 20th century,1
the mid third century AD,2
March 6 in the 4th century,1
13th century AD,8
about eighteenth century,1
the early 16th century AD,1
the early Twentieth Century,5
the end of 3rd century,2
beginning in the 8th century BC,3
the mid thirteenth century,2
the beginning of the 4th century BC,2
the sixth-century AD,1
beginning in the 14th century,3
the second quarter of the 20th century,6
earlier 18th century,3
the 10th century before,1
the mid 19th-century,2
10th century BC,5
about the early 12th century,1
Later 19th-century,2
The fourteenth-century,4
Eighteenth Century Studies,1
about the 4th century BC,1
early eighth century,3
the ninth century BC,4
the 24th-century,1
the beginning of the first century,3
the middle of the eighth century BC,1
the early eleventh-century,3
beginning in the 18th century,4
beginning in the 20th century,5
The third century AD,1
the early 31st century,2
about the 6th century,4
the third century B.C.,8
"the late 15th century, may",1
the end of 16th century,5
the latter half of the 2nd century,3
the mid 7th century,2
and 21st Century,2
third century BC,4
late 2nd-century,2
16th,1
the first quarter of the 10th century,1
Beginning in the 19th Century,1
the latter half of the 11th century,3
the first half of the second century,3
7th,2
the first quarter of the ninth century,1
about the 12th century,9
late in the 19th Century,1
beginning in the 8th century,2
winter of the 20th century,1
late sixteenth-century,1
Early 17th century,3
the middle of the fifth century BC,1
the middle of the 5th century,9
the fourteenth century BC,1
the latter half of the fourth century,1
the 20th century before,3
and 2nd century,6
early in the 3rd century AD,1
the first quarter of the fourteenth century,1
The sixth-century,2
"the 12th century, beginning in 1173",1
the Ninth Century,2
the start of the 20th Century,1
The 4th century,9
the 1st-century AD,3
early 14th Century,1
the start of the 6th century,1
the 7th-century BC,3
the late 15th-century,4
the middle of 18th century,1
the middle of the 5th century BC,2
the 35th century,1
the First century,1
early twelfth century,2
the second half of the 18th-century,1
21st Century Group and Green Leaf Ridge Company,1
early in the 3rd century BC,2
first century B.C.,1
the first half of the second century BC,1
early first century AD,1
Tenth century,2
the early twelfth century BC,1
13th,1
The sixteenth century,6
the start of the Twentieth Century,1
early 20th-Century,1
21st Century Media,1
The early 5th-century,1
Anthology of Twentieth Century Southern Poetry,1
the first half of the 7th century BC,1
early in 15th century,1
the end of 10th century,3
about the eighth century AD,1
the first quarter of the nineteenth century,5
the 20th century beginning,1
about the 41st century,1
the Second Century,2
the second half of the 13th Century BC,1
the first half of the 8th century,5
late 4th-century,3
11th Century,6
third century A.D.,3
the late seventh-century,1
4th-century AD,2
the second half of the 6th century,11
the first half of the 2nd century AD,2
8th century AD,6
the late 10th-century,2
and tenth century,2
the 19th century BC,7
the start of the 1st century AD,1
"the beginning of the 20th century, Mar",1
about the middle of the 10th century,1
the early fifth century AD,1
about the mid 21st century,1
the second half of the seventeenth century,4
late sixteenth century,2
the first half of the 10th century,7
the 1st century B.C.,5
the late seventeenth Century,1
end of 15th century,1
and 6th century BC,2
The end of the 18th century,3
about the 2nd century AD,1
the first half of the 2nd century,8
the late 3rd century BC,3
Early 20th century,12
9th century BC,10
Early in the eighteenth century,2
the 12th century BC,10
"about the middle of the 19th century, 1848",1
the third quarter of the twelfth century,1
the second half of the second century,4
the middle 19th Century,1
the first half of the 1st century,4
21st,1
later third century,2
the end of 4th century BC,1
the mid 10th century,7
the middle of the 24th century,1
Twentieth Century Fox Home Entertainment,1
early tenth century,9
the last half of the 20th Century,2
the 17th-Century,3
late 6th century BC,2
ICOMOS International Scientific Committee on Twentieth Century Heritage,1
the mid 5th century BC,1
the first quarter of 18th century,1
the Mon in the 6th century,1
the 51st century,3
mid 13th century,1
early 2nd century AD,2
first half of the 20th century,7
the end of the first half of the 18th century,2
end of the nineteenth century,2
4th-century BC,6
Twentieth Century Society,9
the early 5th Century BC,1
the end of the fourteenth century,9
the end of the 2nd century AD,4
later eighteenth century,6
about the middle of the 19th century,3
the second quarter of the eighteenth century,4
the early Eighteenth century,1
the beginning of the fifth century,3
The Eighteenth-century,1
Twentieth Century Harmony,1
early second century BC,2
the middle of the 6th Century AD,1
The 11th-century,14
the mid 8th-century,1
the end of the sixth century AD,1
the 28th century,2
the beginning of the sixth century,10
and second century A.D.,1
the late 14th-century,3
Thirteenth-Century,1
the middle 10th-century,1
early 8th-century,2
The latter half of the twentieth century,1
The end of the twentieth century,2
"21st Century Science, Science for Public Understanding",1
late in the eighteenth century,1
The Mid 19th century,1
Beginning in the 13th century,1
the 51st Century,1
"the 16th century, beginning in 1528",1
the last half of the 15th century,2
21st Century Lions Cinema,1
the second quarter of the 15th century,3
the 16th century BC,11
the middle 19th century,6
the late first century AD,3
about the beginning of the eleventh century AD,1
late in the 18th Century,1
the 4th century B.C.,2
Beginning in the eighteenth century,1
the 19th century before 1871,1
the end of the fifth century BC,5
Early in the 21st century,4
end of the 4th century AD,1
22nd century,3
early 13th-century,8
The beginning of the 20th century,2
about sixth century BC,1
the 27th century BC,3
early 1st century BC,2
8th Century BC,1
21st Century Books,1
ninth century AD,1
early 5th-century,6
"eighteenth century, 1680",1
the nineteenth century AD,2
The beginning of the 11th century BC,1
the end of the 18th-century,2
the beginning of the eighth century,2
the fifth-century AD,1
Eleventh-century,1
the end of 9th century,2
the end of 6th century BC,1
Early 16th century,1
the sixth century B.C.,2
the middle 20th century,5
Beginning in the 3rd century AD,1
the middle of the 14th Century,2
Twentieth Century Fox Film Corporation,3
the beginning of the 1st century A.D.,1
the 3rd Century,6
The late 4th century,2
the beginning of the fourth century A.D.,1
early 6th-century,3
The early 2nd-century,1
11 September in first century,1
The Thirteenth-Century,1
20th Century Reformation Movement of McIntire,1
the first half of the 6th century,7
the last half of the 12th century,1
late thirteenth-century,3
and 7th century,7
eighth-century BC,1
mid twelfth century,1
Beginning in the 4th century,1
the 7th Century AD,1
early in the third century,1
seventeenth- century,1
the early fourteenth century,9
the second half of the fifteenth century,6
the second half of 18th century,2
beginning in the 10th century,3
early thirteenth century,3
the end of the seventh century BC,3
Early 19th-century,3
The 18th-Century,1
the early 25th century BC,2
"the late 18th century, may",1
the first quarter of 19th century,1
the late fourth century AD,7
the 10th Century AD,1
the second half of the 3rd century BC,3
the beginning of 14th century,2
the middle of the seventh century,5
about the 11th century,3
Sixteenth-Century,3
Twentieth Century Fox Records,1
early in the 7th century BC,1
21st century BC,1
Twentieth- Century,1
The late twentieth century,1
beginning of the 7th century,1
the first-century BC,4
Twelfth-century,3
1st century A.D.,1
early in the sixth century,2
the early 12th century BC,4
end of the 14th century,3
The early 16th-century,1
the beginning of the 17th Century,1
early in the 20th Century,3
21st Century Robot,1
the mid twentieth-century,1
sixteenth- century,1
early 12th-century,8
end of the 20th century,1
end of the 13th century,2
the end of the 11th-century,1
about the second-century,1
the 20th century in 2000,1
eighteenth Century,2
later 11th-century,1
the second half of the fourth century,2
late 3rd-century,1
late 11th-century,3
Beginning in the sixteenth century,2
Early 13th century,1
The second-century,1
the second half of the 17th century before,1
beginning of the 21st century,3
earlier 15th-century,1
the mid 4th century AD,1
about the 16th century,5
about the 15th century,2
The Seventeenth Century,2
the second half of the fifth century,1
the late 8th-century BC,1
Beginning in the 9th century,2
the First Century A.D.,1
early ninth century,1
Later 18th-century,1
late in the first century,2
about the middle of the 16th century,3
the second century B.C.,3
and 4th century,8
8th-century BC,4
the middle of the eleventh century,3
the mid 4th century,3
the second half of the 2nd century AD,3
the late 9th century BC,2
23rd century,2
the start of the eighteenth century,1
later 16th-century,1
the latter half of the sixth century AD,1
the mid of the 20th century,2
early second century,3
about 21st-century,2
the 3rd Century AD,1
earlier 20th century,3
start of the 19th century,1
the first half of the 3rd century,5
early 21st Century,3
later 14th century,6
the end of the fifth-century,1
and Nineteenth Century,1
the 7th Century A.D.,1
"the 20th century, may",1
the early sixth century,9
beginning in the fourth century BC,1
Twentieth Century Fox Corp.,1
the early 8th century AD,3
the end 19th century,1
about 8th-century,1
the mid sixteenth century,1
about 19th-century,2
the 16th century summer,1
the early 10th-century,3
late first century,4
The early 19th-century,3
about 16th-century,2
24th century,3
The 15th Century,1
the last half of the 7th century,1
the first half of the 4th century BC,2
the beginning of 15th century,2
the early fourth century BC,5
the 3rd Century B.C.,1
the eighteenth century AD,1
the seventeenth century AD,2
the early 17th century before,2
about the 13th century,9
beginning in the sixteenth century,2
the early 7th century BC,4
early fifteenth century,2
the 25th century,7
late in the twentieth century,3
the early 20th-Century,1
the early 20th century later,1
the end of the second century,5
about the 9th century,4
century,5
the sixth-century BC,2
Thirteenth Century,1
the first quarter of the 6th century BC,1
the middle of the second century BC,3
Twentieth Century Fox Selections,1
the second half of the first century BC,1
beginning in the 19th-century,1
early 17th Century,1
the early seventeenth-century,3
mid 18th-century,1
the first quarter of the twentieth century,3
early seventh century,6
early thirteenth century BC,1
the end of the third century BC,2
Twentieth Century Literature,1
and sixth century,2
the early 7th-century,2
the early 10th Century,1
the middle of the 16th Century,1
the second quarter of the 6th century BC,1
The ninth century,4
About the end of the 6th century,1
The 10th-century,10
the early Twentieth century,1
2nd-century AD,4
early 1st century AD,2
Beginning in the 15th century,2
the 23rd Century,1
the late nineteenth-century,5
15th century A.D.,2
early 3rd century B.C.,1
later 6th century,1
the first quarter of the second century,1
second quarter of the 16th century,1
and fifth century,1
the first half of 4th century,1
and 18th Century,3
the late 11th-century,4
early in the 1st century,1
the 21st century AD,2
end of the 11th century,1
the beginning of the 18th century BC,1
National Museum of the 21st Century Arts,1
Early in the 22nd century,1
the early 13th-century,8
the first half of 17th century,2
Late in the 18th century,2
late ninth century,3
second century B.C.,1
late 27th century BC,1
and 12th century AD,2
beginning in the middle of the 19th century,1
early in the 5th century,1
the middle of the Twentieth century,1
and 9th century BC,1
the middle of the 1st century BC,2
2nd Century,2
Beginning in the second half of the 4th century,1
the end of the,1
the 2nd Century BC,2
the start of the 19th Century,1
mid 17th-century,1
the early 20th century before,1
about late 19th-century,1
the late 7th century AD,2
about the middle of the 17th century,2
Early in the 16th century,1
Thirteenth-century,1
early 4th century B.C.,1
the mid 4th century BC,1
the first half of the fifth century BC,2
The 1st-century,5
mid 24th century BC,1
about 16th century,1
Sixteenth Century,2
about the middle of the ninth century,2
end of the 17th century,4
the second half of the 18th Century,3
late eighteenth-century,8
the early third century BC,1
the early 2nd-century,1
first century AD,4
the early third-century BC,1
The tenth century,1
The seventh-century,3
the twentieth Century,4
early eighth-century,1
about the end of the 17th century,1
earlier 9th-century,1
the end of the 4th century AD,1
20th Century Pictures,1
the nineteenth Century,3
The late 20th Century,1
the first half of the third century,2
the beginning of 13th century,1
the 19th century before 1875,1
Beginning in the second half of the twentieth century,1
the 7th century A.D.,4
the start of 20th century,2
9th Century,2
the early 6th century BC,5
the third quarter of the 17th century,1
the dawn of the 16th century,3
the first half of the third century AD,2
the first quarter of the 4th century,1
the Late Twentieth-Century,1
later the 19th century,1
The late 16th-century,1
2nd century B.C,1
the second half of the 1st century BC,2
about the second century B.C.,1
9th Century AD,4
the mid 18th-century,3
The dawn of the 20th century,1
the beginning of the early seventeenth century,1
the late the nineteenth century,1
The third-century BC,1
The Sixteenth century,1
about the 3rd century BC,4
the late sixteenth-century,2
Early twentieth century,1
the late third century AD,3
21st Century Schizoid Band,1
the early 5th century AD,3
early Twentieth-century,1
seventh century BC,1
23rd-century,1
about the 19th-century,1
and fourth century BC,1
the fifteenth century BC,2
about the fifth century A.D.,1
the middle of the fourth century BC,1
the beginning of the Twentieth century,2
Sixteenth century,4
the first century A.D.,5
"the middle of the 19th century, summer",1
the second half of the 20th-century,2
the Fourth Century B.C.,1
late in the 5th century,2
the late tenth-century,1
about the 17th century,2
the fourth-century B.C.,1
the dawn of the fourteenth century,1
the middle seventeenth century,5
late 7th-century,5
about the late 19th-century,1
a couple of centuries from the 4th century BC,1
late in the 3rd century BC,1
the mid sixth century,2
Sun Simiao,1
21st Century Dance Club,1
early sixth-century,1
24th century BC,2
21st Century Fox's Fox,1
the early the 16th century,1
the early mid nineteenth century,1
the 4th century before,1
the middle of the 21st century,4
The twelfth century,2
Twentieth Century Motor Company,2
early twelfth-century,2
the early 15th century falls,1
earlier nineteenth century,1
the 5th Century A.D.,1
later eleventh-century,1
100th century,2
the early 14th century BC,3
the late Twentieth Century,2
early in the 21st Century,1
and 4th century AD,2
the second quarter of the 5th century BC,1
the 12th Century A.D.,1
the end of the nineteenth Century,1
centuries from the mid 13th century,1
the middle of twentieth century,2
the first half of the eleventh century,1
about the late 9th-century,1
later 5th century,4
The second-century AD,3
18th century BC,1
the second half of the sixth century,2
end of 5th century,1
the first quarter of the 1st century,2
about 10th century,1
start of the 15th century,1
late eleventh-century,1
about 18th century,1
and third century BC,1
"the end of the 16th century,",1
first half of the 20th Century,1
the 100th century,1
late fourteenth century,1
about 6th century,1
later 15th century,13
the second half of the 1st century AD,3
"July 11, Twentieth Century",1
the mid 24th century BC,1
about the 91st century,1
20th Century Society,2
about the beginning of the 13th century,1
about the fourth century BC,1
the second half of the 19th-century,1
The eighteenth-century,4
the late eleventh-century,1
beginning in the tenth century,1
beginning of the 12th century,1
beginning in the 1st century,1
The second half of the eighteenth century,2
late in the seventeenth century,1
The third century,2
the latter half of the sixteenth century,3
late 3rd century AD,2
The late 7th century,1
beginning in the second half of the 18th century,3
about the beginning of the 6th century BC,1
the first quarter of the 14th century,2
Late in the 17th century,2
beginning in the mid 17th century,1
the beginning of 17th century,2
beginning in the mid nineteenth century,1
the first half of the sixth century BC,2
second half of the 20th century,3
the Fifteenth Century,2
The eleventh century,1
the late 13th Century,1
mid 6th century,2
early 5th century AD,2
Twentieth Century Commission on Education,1
the Sixth Century,1
21st Century Entertainment Ltd.,1
20th century BC,2
Center for 21st Century Security and Intelligence,1
late in the 20th century,11
early 2nd century BC,1
late in the 1st century AD,1
the first half of the 4th century,2
late 10th century,1
early 12th century A.D.,1
the third century before,2
later 19th Century,1
early fourth-century,1
the early 3rd century BC,4
the latter half of the 15th century BC,1
"the 16th century, may",1
beginning in the 9th century,2
about the 6th century BC,3
the middle of the nineteenth-century,2
later 17th-century,2
the second half of the eighteenth-century,2
the end of nineteenth century,2
the early fourteenth-century,1
second century BC,2
the 27th-century BC,1
Fourth century,1
"the end of the 8th century, may",1
early fifth century AD,2
first half of the 12th century,1
the last half of the fifth century,1
early seventh century BC,1
the 20th century in about 1998,1
Norfolk Southern 21st Century Steam,1
The late 15th century,1
beginning in the second half of the 19th century,2
Early in the twelfth century,1
the beginning of the 2nd century B.C.,1
the late 3rd century B.C.,1
the mid 1st century BC,1
the 8th century B.C.,2
36th century BC,1
first half of the 19th century,1
the end of 14th century,3
20th Century Fox TV,3
the middle of the 12th Century,1
The 1st century,5
the 16th-century BC,1
late fifteenth century,2
the late 13th century BC,1
the Eighteenth-Century,1
"the 19th century, 5 November",1
7th Century,1
6th-century BC,5
12th Century Muri Abbey,1
beginning in the 4th century,3
the first quarter of the 9th century,3
15th-century Late,1
the eleventh century AD,2
Twentieth Century Fox Television,1
Century Museum of Contemporary Art,1
the third-century BC,2
the 5th century AD before,1
BT 21st Century Network,1
12th-Century,1
The late 4th-century,1
the beginning of 11th century,1
the 3rd century B.C.,2
the early Seventeenth Century,1
the second half of the 1st Century,1
the end of 14th-century,1
Beginning in the 18th century,3
Thirteenth century,1
the end of the 16th Century,2
the early 9th century BC,2
2nd century B.C.,1
The mid 20th century,2
Beginning in the second half of the 19th century,1
American Society for EIghteenth-Century Studies,1
the late 7th century BC,7
the mid 7th Century,1
the late 12th-century,2
in the 17th century,1
the beginning of 20th Century,1
the first quarter of the 17th century,4
about the end of the 14th century,1
late ninth-century,1
Twentieth Century Church,1
about the 6th century AD,1
Fifteenth century,1
the 8th-century BC,1
about the 30th century BC,1
beginning in the 19th Century,1
early seventh-century,2
the late,1
second quarter of the 19th century,1
Beginning in the 5th century,2
the beginning of the Nineteenth Century,1
The Fifth Century,1
the second half of the twelfth century,6
the latter half of the seventeenth century,2
the beginning of the 7th Century,1
the beginning of 2nd century AD,1
about the end of the seventeenth century,1
The late eighteenth-century,1
Fourteenth Century,1
late seventeenth-century,5
middle twentieth century,1
and 17th,1
the late 12th century BC,1
the 1st Century BC,2
early 6th century AD,1
about the mid 8th century AD,1
and 13th century AD,1
"the 17th century, may",1
fifth-century BC,1
the beginning of the early 20th century,1
's 20th Century,1
21st Century Productions,1
the middle 11th century,1
the sixth,1
Century CE Buddhapalita,1
the end of the first century BC,2
the late fifth-century BC,1
the third quarter of the 2nd century,1
the second half of the 5th century AD,4
the last half of the 11th century,1
the first half of 20th Century,1
end of the sixteenth century,1
About the beginning of the 16th century,1
"March, 20th Century",1
about the middle of the 20th century,2
the 21st century BC,4
the second half of the first century AD,2
The late 2nd century BC,1
early 7th century BC,3
the 9th century ad,1
and third century,2
about the nineteenth-century,2
The 1st-century AD,2
middle second-century,1
the 1st century BC before,1
"the early 21st century, Christmas",1
the Dawn of the Twentieth Century,1
3rd century B.C.,2
21st Century Center Of Excellence Program,1
the mid Sixteenth century,1
the early 18th century BC,3
Early in the ninth century,1
the 19th century in 1899,1
early fifth-century,2
17th century BC,2
Second-century,1
the second half of the eighth century,4
early 20th century summer,3
and second century BC,1
the second half of the 8th century BC,1
the first half of 15th century BC,1
the late eighteenth-century,4
the latter half of the 1st century,1
the late 3rd century AD,1
early in the 12th century,3
late in the 12th century,3
beginning of the fifteenth century,1
the end of the Sixteenth Century,1
the first-century AD,2
The end of the 14th century,1
Beginning in the 10th century,3
about 10th century AD,1
early in the eighth century,1
earlier tenth century,1
about 2nd-century,1
"21st Century Broadcasting, Inc.",1
the first half of the 3rd century BC,1
"21st Century Medicine, Inc.",1
the latter half of the 5th century,1
20th century beginning,1
the end of the fifth century A.D.,1
late 20th-Century,1
the late 8th-century,2
the end of the fifth century AD,2
about the middle of the 14th century,1
about the 17th-century,1
later 11th century,1
first half of the 3rd century,2
"the fifteenth century,",1
the 2nd-century AD,4
about the middle of the 2nd century BC,1
the second half of the 6th century BC,1
the middle of 20th century,2
Eighth-Century,1
the middle of the fifth-century,1
the late fifth century AD,1
Late 20th-Century,1
Early 18th-century,2
the beginning 21st century,1
the 8th century BC before,1
Early in the fourth century,1
The early 13th century,1
about the middle of the 9th century,1
the mid 21st-century,1
the 19th century A.D.,1
the 1st century A.D,1
the beginning of 21st century,2
the end of eighteenth century,3
the early 7th century AD,2
late 4th century BC,2
the second half of the 19th century BC,2
The last half of the 19th century,1
American Society for Eighteenth Century Studies,2
about the middle of the fifth century,1
the first half of the twelfth century,3
the 2nd century A.D.,4
the early 19th century in 1834,1
Tenth Century,1
The early 14th century,1
1st-century Judaism,1
beginning of the 3rd century BC,1
The late 19th-century,1
The second half of the nineteenth century,1
the 4th-century AD fall,1
the mid 16th Century,2
the end of the 6th-century,1
later 9th-century,1
First century BC,1
the middle third century,1
beginning of the 17th century,4
the second half of the 5th century BC,1
21st Century Fox and News Corp,1
Seventeenth-Century,2
the mid 1st century,2
The early 6th-century,1
MAXXI - National Museum of the 21st Century Arts,1
2nd Century AD,1
Jan D≈Çugosz,1
The 7th Century,1
Second half of the 9th century,1
the start of the Third Century,1
the mid Eighteenth century,1
"the beginning of the 20th century, may",1
The beginning of the 16th century,2
first half of the 5th century,3
beginning of the fourteenth century,1
The 7th century,5
early third-century,3
the late ninetieth century,1
late 11th century BC,1
Early 1st Century,1
mid twentieth-century,1
the end of the 14th century BC,1
first-century A.D.,1
the first quarter of the 20th century beginning,1
and fourteenth century,1
the middle of the Twentieth Century,1
Sixth Century,1
the late 23rd century,1
The beginning of the 8th century,1
the mid fourth century,1
the Sun in the 3rd century BC,1
mid 11th century,1
the mid 2nd century AD,1
The early 15th-century,1
the middle 20th Century,1
the latter half of the thirteenth century,1
The early third century,1
Hugh May,1
the beginning of the 6th century B.C.,1
early in 19th century,1
later 20th Century,2
3rd Century BC,1
late 20th Century,3
latter half of the twentieth century,1
second half of the 15th century,1
the 18th century AD,3
"the second century, about two thousand",1
the first quarter of the 2nd century,1
the second quarter of the 7th century,1
about the 19th century,1
about mid 13th century,1
Late nineteenth-century,1
the end of the 17th Century,4
Late 20th century,3
The start of the 21st century,4
late fifth-century,1
late in the 11th century,1
the second half of the third century,2
start in the twentieth century,1
middle of the twentieth century,1
the middle 14th century,1
The late 7th-century,1
Twentieth Century House,1
mid 8th century,3
The Second Century,1
the 10th century A.D.,2
Imagine Entertainment and Twentieth Century Fox,1
the twelfth century BC,2
the middle nineteenth century,2
beginning of the 18th century,3
The late 17th-century,2
the second century AD before,1
May in the 17th century,1
Later 20th-century,1
2nd century A.D,1
The first half of the 1st century BC,1
The 7th century BC,1
the first half of the 5th century BC,2
early 11th Century,1
the middle of the ninth century,5
Twentieth Century Fox Home Video,1
second half of the 11th century,1
mid eighteenth century,1
Institute for 21st Century Energy,1
the Fifteenth century,1
the second half of the 2nd-century,1
about the thirteenth-century,1
about the Thirteenth century,1
The 12th century BC,1
about the end of the eighteenth century,1
start of the 20th Century,1
late 1st-century,1
Early 21st-century,2
26th century,1
first half of the 13th century,1
the last half of the eighteenth century,1
late in the 15th century,3
the late Second Century,1
late 2nd century BC,2
the Seventeenth century,4
19th century before,1
the 42nd century,1
21st Century Communications,1
the second half of the 3rd century AD,2
the late 15th century BC,2
The beginning of the 17th century,1
the middle of the 3rd century AD,1
later the 17th century,1
the late 19th century before,1
Late 13th century,1
the early 8th Century,1
first half of 18th century,1
the start of the 5th century,1
Beginning in the second half of the nineteenth century,1
the early 19th century 1868,1
seventeenth century BC,1
the late 21st Century,1
the middle of the 10th Century,1
and 8th century AD,3
the beginning of the 2nd Century,1
the second quarter of the eighth century,1
start in the 19th century,1
the 2nd-century BC,1
the 29th century BC,2
the early,2
The middle of the 20th century,2
The last half of the 20th century,1
the early twelfth-century,1
the latter half of the 8th century,1
the first half of the fifth century AD,1
First half of 12th century,1
the early eighth-century,1
early sixth century,1
middle 8th century,1
and 9th Century,1
about the middle of the tenth century,1
The 2nd-Century BC,1
the Middle 6th Century,1
beginning in the first half of the 10th century,1
33rd century BC,1
the mid fifth century,1
early 3rd-century,1
The late 17th century,1
Beginning in the 12th century,2
and 10th century AD,1
about the sixteenth century,1
the first quarter of the 8th century,1
the fall of 19th century,1
about the 1st century AD,1
Beginning in the eleventh century,1
About the middle of the 2nd century,1
the 21st century in 2010,1
The late fifth-century,1
the latter half of the fifteenth century,1
the Mid 7th century,1
early in the early 20th century,1
The 23rd Century,1
about the tenth century,1
the middle of the 9th Century,2
about the 1st Century,1
the early 4th-century,1
the beginning of the eleventh century,2
The second half of the 14th century,1
the 23rd century BC,4
the first half of twentieth century,1
the latter half of the 4th century AD,1
about the 3rd century,4
the second half of the sixth century BC,1
and 3rd century AD,3
the first quarter of the 16th century,5
the latter half of the 19th Century,2
beginning fourth century,1
First Century BC,1
the 15th century A.D.,1
the first quarter of the seventeenth century,2
30th century BC,1
and 11th century AD,1
the end of the first half of the 1st century,1
5th-century B.C.,1
later fifth century,2
late in the 20th Century,1
early in the sixteenth century,1
"the late 19th century, May",1
first-century BC,3
"the 18th century AD, about 2300",1
Beginning in the seventeenth century,1
19th-century weekend,1
21st Century Business Herald,1
early in the eleventh century,1
the end of the 8th century A.D.,1
and 4th century BC,1
the second quarter of the 4th century BC,1
Fifth-century,1
about the beginning of the nineteenth century,1
the first half of the first century,1
the sixteenth century A.D.,1
end of the twentieth century,2
3rd Century B.C.,1
22nd-century,2
the Seventh century,1
The early 13th-century,1
mid 1st century,1
9th,2
the late tenth century AD,2
Beginning in the 6th century BC,1
the beginning 20th century,1
the first half of the seventeenth century BC,1
Late 1st century BC,1
early 12th Century,1
the latter half of the 6th century BC,1
the middle of eighteenth century,1
the middle of the 6th century BC,1
Stars of 21st Century Gala,1
The early 21st century,5
the first half of the 19th Century,1
the 9th century A.D.,1
later sixth-century,1
the 4th century A.D,1
the eighth century A.D.,1
and Eighteenth Century,1
26th-century,2
the mid 5th-century,2
the 10th century B.C.,1
Early in the thirteenth century,1
The fifth-century BC,1
the early the eighteenth century,1
second half of the 8th century,1
sixth-century BC,1
first half of the 1st century,1
later 8th century,5
Twentieth Century Club,1
late 21st century,2
the 19th-Century,2
Early 14th century,1
the mid 17th Century,1
the beginning 18th century,1
20th Century Fox Corp.,1
Fifth Century,1
The first half of the 14th century,1
the beginning of the twentieth century before,1
late tenth century,2
Nineteenth Century Galicia,1
the end of the eighth century B.C.,1
May's 17th-century,1
the mid nineteenth-century,1
First-century,4
late 1st century BC,1
earlier 7th century,1
the end of the 18th century before,1
end in the latter half of the 16th century,1
the second quarter of the twentieth century,2
the start of the 31st century,1
Beginning in the 11th century,3
about the 5th century AD,1
7th Century AD,1
mid 20th Century,2
the Fourth century,1
beginning in the seventeenth century,2
"the early 17th century, beginning in 1620",1
the second half of the 2nd century BC,1
the latter half of the sixth century,2
The 6th century BC,3
later first-century,1
mid nineteenth century,3
the end of 12th century,1
end of the third century,1
the 20th century A.D.,1
the beginning of the 17th-Century,1
end of the 2nd century,1
11th -Century Romance Church,1
about the beginning of the 5th century BC,1
21st Century Community Learning Centers,1
9th-century BC,2
the middle of 19th century,2
beginning in the 11th century,1
about 13th century,1
Later 16th century,1
Century CE,1
the early seventh century BC,1
the 16th century in March,1
25th century BC,1
The 12th Century,1
end of 7th century,1
the early 16th century before,1
the 12th century before,1
the mid 18th century BC,1
21st Century Young Composers Project,1
The 19th Century,3
Beginning in the middle of the 20th century,1
Early 16th-century,2
late in the ninth century,1
the early eleventh century before,1
the end of the Second Century,1
the late second-century,1
The eighth-century,2
The late 16th century,3
about 2nd century AD,1
3rd Century A.D.,1
the dawn of the sixteenth century,1
early second-century,1
first half of 17th century,1
the fifteenth century AD,1
the latter half of the 18th Century,1
Jan Kootwyk,1
the early 24th century,1
21st Century Fox's Shine Group,2
the 3rd-century BC,2
"the Nineteenth Century, 1965",1
the middle the 14th century,1
the late early 20th century,1
beginning in the mid 15th century,1
the third quarter of 19th century,1
late 5th century BC,1
Late in the 2nd century,1
the end of the 16th-century,1
the End of The 17th Century,1
"the start of the 7th century, 1 January",1
the Ninth-Century,1
end of the 3rd century,2
The second-century BC,1
the early 12th century AD,3
middle of the 18th century,1
The latter half of the 20th century,1
the late sixteenth century before,1
late twelfth century,1
the beginning of the 6th Century,1
about the end of the 13th century,2
about 21st century,1
late in the 2nd century,1
the mid sixth-century BC,1
the first century A.D,1
the end of the Eighteenth Century,1
the middle of the first century AD,1
and fourth century,1
the middle 12th century,1
beginning in the eleventh century,1
Halloween of the 21st century,1
Early 15th Century,1
the 24th Century,1
about the middle of the fifteenth century,1
20th Century Gallery,1
Early in the seventeenth century,1
the late 24th century BC,1
The early 17th-century,1
mid 15th century,3
latter half of the 1st century BC,2
The latter half of the 19th century,3
about the early 5th century,1
The First Century,1
Fifteenth Century,2
TSG for 20th Century Fox,1
eleventh century AD,2
the 2nd-century B.C.,1
First Century,2
late third century,2
about the beginning of the sixth century,1
beginning in the second half of the 17th century,1
end of the 5th century,1
17th Century Earth,1
the 4th Century BC,1
the 11th century before,1
the end of the 20th-century,1
The 14th Century,2
End of the 12th century,1
The 2nd-century BC,1
the Twelfth Century,2
"the 14th century, may",1
early fourth century BC,1
the end of the Nineteenth century,1
later 13th-century,1
5th-century AD,1
"Twentieth Century Fox, Walt Disney Studios",1
fall in the 8th century BC,1
the late eighth-century,1
Friday in March in the early 19th century,1
the beginning of 4th century A.D.,1
beginning of 16th century,1
early fifteenth-century,1
19th century AD,1
first half of the 14th century,1
latter half of the seventh century,1
sixth century AD,1
the early 16th-century,1
The second half of the twentieth century,1
23rd Century Entertainment,1
the 20th century in 1971,1
late 9th-century,3
about the end of the fifth century,2
beginning in the fifteenth century,1
Early nineteenth century,1
the second quarter of the 5th century,1
Twentieth-Century Print Club,1
about the end of the 5th century,1
about the 8th century BC,1
early 1st century,1
about the 4th-century,1
later eleventh century,1
the middle of the 2nd Century,1
The beginning of the eighteenth century,1
the late 1st century BC,3
the end of 5th century,1
The 18th-century BC,1
the dawn of the 18th century,1
The mid 19th century,1
21st Century Schools Programme,2
about the beginning of the 18th century,1
late in the sixteenth century,1
the late 14th century BC,1
the mid 21st-century BC,1
about the end of the 19th century,1
and Twentieth Century,1
Beginning in the 7th century BC,1
late twelfth-century,1
beginning in the second half of the 16th century,1
The early nineteenth-century,1
The start of the 21st Century,1
the end of the Seventeenth Century,1
the latter half of the 7th century,1
Austrian Museum of the 21st Century,1
the beginning of the end of the 19th century,1
the third quarter of the 1st century AD,1
the beginning of the 21st Century,5
first half of the twentieth century,1
the first quarter of the fifteenth century,1
12th century AD.,1
third-century BC,1
Early in the 15th century,2
the first quarter of the tenth century,1
early,1
the Eleventh Century,2
Eleventh Century,2
later the 16th-century,1
the start of the 17th Century,1
the mid 18th century A.D.,1
the middle of 16th century,1
mid Seventeenth century,1
10th Century AD,2
the late 6th-century,1
the start of the 21st Century,1
Third-century,1
The latter half of the 20th-century,1
end of the 19th Century,1
first half of 12th century,1
the late 3rd-century,1
18th century AD,1
Early 21st century,1
UCONN 21st Century,1
20th Century Fox Animation,1
the end the 19th century,1
the third quarter of the 13th century,1
the mid 19th-Century,1
the first half of the 5th-century BC,1
early 13th Century,1
29th century,1
earlier 16th century,1
early in the 3rd century,1
Twentieth Century Fund,2
the 31st Century,1
the second quarter of the sixth century BC,1
the end of the second century AD,2
the 3rd century B.C,1
beginning of the 11th century,2
the early eighth century BC,1
beginning in the first half of the 11th century,1
the second quarter of the 18th century,1
First quarter of the 12th century,1
American Bridge 21st Century PAC,1
the early 20th century AD,1
about the mid 1st century BC,1
20th Century Reformation Movement,1
the late 3rd century A.D.,1
Sixteenth-century,2
early second century AD,1
middle of 17th century,1
The 2nd century AD,1
The 25th Century,1
last half of the twentieth century,1
"September 18,",1
20th Century Fox studios,1
fifth century AD,1
early first century,1
the beginning of the 6th century BC,3
James May,1
18th-Century,1
the beginning of the twentieth-century,1
37th century,1
"the early 19th century, Christmas",1
earlier 11th century,1
the sixteenth century AD,1
The twelfth- century,1
the 20th Century in 1999,1
mid 12th century,1
earlier 20th-century,1
Late in the twentieth century,1
the beginning of the Fifth century AD,1
16th century AD,1
the late 4th century A.D.,1
the mid twelfth century,1
the second half of the fourth century AD,1
The end of the 16th century,1
about the 2nd-century,1
the 33rd century,1
the start of the eleventh century,1
about the middle of the third century,1
the beginning of the 12th century BC,1
the middle of the 7th century AD,1
mid 3rd century,1
the beginning of 7th century,1
the late second century BC,1
the middle of the 1st Century,1
the mid of 18th century,1
beginning in the 2nd century BC,1
Borlaug 21st Century Leadership Program,1
the mid 7th-century,1
end of 6th century,1
early 20th-century summer,1
The beginning of the nineteenth century,1
the early second half of the nineteenth century,1
the third quarter of the 18th century,1
mid 4th century BC,1
the middle of the seventh century BC,2
the eleventh century BC,1
First Century AD,1
early seventeenth century,3
about the beginning of the 11th century,1
about the sixteenth-century,1
the latter half of the 20th Century,2
about the middle of the 4th century,1
20th Century Records for 20th Century Fox,1
beginning in the first half of the 16th century,1
late nineteenth-century Mon,1
early the ninth century AD,1
Shepherd University's Civil War & 19th Century America,1
the middle of the 4th century AD,1
the end of the fourth century AD,1
The late 13th century,1
the first half of the 19th-century,1
earlier 6th century,1
The end of the nineteenth century,1
the early 13th Century,1
The late eighteenth century,2
the Thirteenth Century B.C.,1
14th century before,1
De Morgan Centre for the Study of 19th Century Art and Society,1
the early 3rd-century AD,1
late 17th Century,1
beginning the 16th century,1
the 2nd century B.C,1
and 7th century BC,1
the last half of the 19th Century,1
the beginning of the 1st century AD,1
the early seventeenth Century,1
twentieth -century,1
later 1st century BC,1
the end of 3rd century BC,1
Twelfth Century,1
the 5th century A.D.,1
the beginning of the 26th century,1
The seventh century,1
mid 17th century BC,1
the first quarter of the 19th Century,1
The 18th Century,1
the second half of 1st century AD,1
the end of the second century B.C.,1
the early 22nd century BC,1
the second quarter of the sixteenth century,1
The 1st century BC,1
5th Century B.C.,1
The late twelfth-century,1
the middle of the 6th Century,1
the beginning of the 8th century BC,1
middle nineteenth century,1
the latter half of 20th century,1
the end of 19th-century,1
the beginning of the ninth century,3
the early 7th Century,1
about the middle of the seventeenth century,2
mid 16th century,1
early Twentieth Century,1
21st Century Ham and Petersham Cricket Club,1
about the 21st Century,1
the third quarter of the ninth century,1
the first quarter of the 4th century BC,1
The first-century AD,2
The 13th Century A.D.,1
the first quarter of the 5th century,1
the twentieth century's end,1
early in the Twentieth century,1
the late seventh century AD,1
the mid 2nd century BC,1
Twentieth-Century Fox,1
The fifth century AD,1
early in the 4th century,1
the 2nd Century AD,1
the end of 19th century before,1
late fifth century,1
the third quarter of the 16th century,1
late 7th century BC,2
about the fifth century,2
the first half of 12th century,1
the second half of 19th Century,1
the 23rd century B.C.,1
Early in the 4th century,1
20th Century Art Department,1
the 14th century spring,1
"the 19th century, August",1
and 5th century A.D.,1
the Thirteenth-Century,1
later fourth-century,1
the middle eighteenth century,1
the end of the Eighteenth-century,1
"the 19th century, beginning in 1821",1
mid 19th-century,3
march of the 19th century,1
Beginning in the fourteenth century,1
the early 14th Century,2
The second half of the 13th century,1
fourth century B.C.,1
the late 26th century BC,1
late 14th Century,1
early eleventh century,1
the second quarter of 20th century,1
the beginning of the early 19th century,1
the end of the 6th century AD,1
the first half of the tenth century,1
the Seventh Century,1
Second Century BC,1
"Twentieth Century, 1914",1
"the 5th century, Mar",1
Palm Springs,1
the 20th century AD,1
about the beginning of the 12th century,1
the Beginning of the Twentieth Century,1
20th Century Tredegar,1
1st quarter of the 12th century,1
6th Century AD,1
11th Century AD,1
the mid fourth century AD,1
BC Celts,1
the 4th century A.D.,1
the mid fifth-century,1
about the first half of the 9th century,1
the last half of the 14th century,1
end of the 9th century,1
Farm Foundation's Dialogue on Food and Agriculture for the 21st Century Steering Committee,1
the 4th-century AD,1
the sixth century A.D.,1
The latter half of the nineteenth century,1
mid seventeenth century,1
the late 14th Century,1
20th Century Fox Studios,1
about the beginning of the 2nd century,2
the 6th century before,1
American Society for Eighteenth-Century Studies,1
the end of 7th century,1
the late 14th century in 1379,1
Beginning in the 1st century AD,1
the late 25th century BC,1
early 24th century BC,1
and 31st century,1
later 4th-century,1
the middle 6th century,1
Third Century,1
Early Twentieth Century,1
15th century AD,1
mid 1st-century,1
the third quarter of the twentieth century,1
the middle of the 20th Century,1
earlier eleventh century,1
Early in the second half of the 19th century,1
sixth century BC,1
the seventieth century,1
Fourteenth-century,1
mid 5th-century,1
the 15th century before,1
the start of the 1st century,1
Second Century,1
Early in the nineteenth century,2
early in the 9th century,1
"the 6th century, may",1
12th-century AD,1
second half of the 19th century,1
the second Century,1
the dawn of twentieth century,1
the first quarter of the 7th century AD,1
end of nineteenth century,1
beginning in the 12th century,1
beginning in the 4th century BC,1
5th century A.D.,1
the middle the 19th century,1
the early Seventh-century,1
beginning in the latter half of the 20th century,1
Early in the 12th century BC,1
the end of the 1st century B.C.,1
late 8th-century,1
the third quarter of the 6th Century BC,1
Early in the fourteenth century,1
11th-century BC,1
the second-quarter of the 18th century,1
The fourth century AD,1
the latter half of the 12th century,2
the eighth century B.C.,1
the first quarter of 16th century,1
about the 16th century BC,1
early 8th century BC,1
about the end of the 2nd century BC,1
The 5th-century BC,1
The end of the 17th century,1
Beginning in the twelfth century,1
about the late 2nd century BC,1
the late sixth-century,1
"the mid 7th century,",1
13th-Century,1
the first half of 16th century,1
the first half of the 1st century BC,2
"the early twentieth century, summer",1
the first half of the 21st century,1
the last half of the 13th century,1
late in the fifteenth century,1
mid ninth-century,1
Early 20th Century,1
early first-century,1
the end of 20th Century,1
9th century B.C.,1
BC Sparta,1
the 15th-century AD,1
Century Catholic,1
Early 17th-century,1
18th-century BC,1
beginning in the mid 18th century,1
end of eighth century,1
about the end of the 18th century,1
beginning in the 5th Century,1
Early in the 20th Century,1
the second quarter of the sixth century,1
the late 5th century AD,1
the end of the 21st Century,1
the 59th century,1
The second half of the 6th century,1
the mid 25th century BC,1
the middle of the 8th century BC,1
Twentieth Century Trust,1
the end the 13th century,1
the end of eleventh century,1
late tenth-century,1
the second quarter of the 2nd century,1
the first quarter of the 21st century,1
8th-century AD,1
the early the 8th century,1
the end of thirteenth century A.D.,1
the end of the 13th century BC,1
the end 17th century,1
the early second half of the 20th century,1
the 18th Century AD,1
the last half of the eleventh century,1
the 9th century before,1
later 8th century AD,1
Mid 16th century,1
the middle 16th century,1
20th- century,1
spring in the mid 17th century,1
21st Century Manufacturing Task Force,1
the first half of 11th century,1
the third-century AD,1
early 3rd century AD,1
the beginning of 10th century,1
the end of the 30th century,1
the first half of 18th century,1
the mid of the 5th century BC,1
four centuries from the end of the 15th century,1
sixteenth century BC,1
the early Nineteenth century,1
the end of the 12th Century,1
later seventh century,1
8th century A.D.,1
fall in the late 14th century,1
the first century B.C,1
end in the 20th century,1
end of the 4th century,1
about the eleventh century,1
end in the 19th century,1
about the 5th-century,1
6th-century AD,1
"the early 20th century, March",1
sixth century B.C.,1
Late 14th century,1
start of the second century,1
first-century AD,1
13th century B.C.,1
about the early 20th-century,1
11th Century Church of Sant Tom√†s,1
The 31st Century,1
31st Century,1
the 16th Century BC,1
the end of the 9th Century,1
the middle of the 19th-century,1
later 20th-century,1
second century A.D.,1
the mid of 20th century,1
beginning of 13th century,1
the second half of the 6th Century,1
Early in the 20th-century,1
"late 19th century, summer",1
the 12th-century AD,1
The 3rd century BC,1
Twentieth Century Fox Film Corp & Ors,1
early 11th century BC,1
the Third century,1
the twilight of the,1
evening in eighteenth-century,1
"the middle of the second century AD, five to ten",1
Overnight the,1
